<form-template>
	<fields>
		<field type="header" subtype="h1" label="Header"></field>
		<field type="checkbox-group" label="Checkbox Group" name="checkbox-group-1532054964382">
			<option label="Option 1" value="option-1" selected="true">Option 1</option>
		</field>
		<field type="radio-group" label="Radio Group" name="radio-group-1532054964773">
			<option label="Option 1" value="option-1">Option 1</option>
			<option label="Option 2" value="option-2">Option 2</option>
			<option label="Option 3" value="option-3">Option 3</option>
		</field>
		<field type="header" subtype="h1" label="Header"></field>
		<field type="select" label="Select" class="form-control" name="select-1532054965628">
			<option label="Option 1" value="option-1" selected="true">Option 1</option>
			<option label="Option 2" value="option-2">Option 2</option>
			<option label="Option 3" value="option-3">Option 3</option>
		</field>
		<field type="text" label="Text Field" class="form-control" name="text-1532054966012" subtype="text"></field>
	</fields>
</form-template>