<form-template>
	<fields>
		<field type="radio-group" label="Radio Group" name="radio-group-1531998879897">
			<option label="Option 1" value="option-1">Option 1</option>
			<option label="Option 2" value="option-2">Option 2</option>
			<option label="Option 3" value="option-3">Option 3</option>
		</field>
		<field type="checkbox-group" label="Checkbox Group" name="checkbox-group-1531998879220">
			<option label="Option 1" value="option-1" selected="true">Option 1</option>
		</field>
	</fields>
</form-template>