<form-template>
	<fields>
		<field type="header" subtype="h1" label="asdasdasdasd"></field>
		<field type="radio-group" label="asdasdasdasd1" name="radio-group-1532052319598">
			<option label="Option 1" value="option-1">Option 1</option>
			<option label="Option 2" value="option-2">Option 2</option>
			<option label="Option 3" value="option-3">Option 3</option>
		</field>
		<field type="date" label="111122222222" class="form-control" name="date-1532052328045"></field>
	</fields>
</form-template>