<form-template>
	<fields>
		<field type="text" label="Text Field" class="form-control" name="text-1532055023005" subtype="text"></field>
		<field type="header" subtype="h1" label="Header"></field>
		<field type="radio-group" label="Radio Group" name="radio-group-1532055024636">
			<option label="Option 1" value="option-1">Option 1</option>
			<option label="Option 2" value="option-2">Option 2</option>
			<option label="Option 3" value="option-3">Option 3</option>
		</field>
		<field type="checkbox-group" label="Checkbox Group" name="checkbox-group-1532055025028">
			<option label="Option 1" value="option-1" selected="true">Option 1</option>
		</field>
		<field type="select" label="Select" class="form-control" name="select-1532055025484">
			<option label="Option 1" value="option-1" selected="true">Option 1</option>
			<option label="Option 2" value="option-2">Option 2</option>
			<option label="Option 3" value="option-3">Option 3</option>
		</field>
		<field type="select" label="Select" class="form-control" name="select-1532055027172">
			<option label="Option 1" value="option-1" selected="true">Option 1</option>
			<option label="Option 2" value="option-2">Option 2</option>
			<option label="Option 3" value="option-3">Option 3</option>
		</field>
		<field type="radio-group" label="Radio Group" name="radio-group-1532055028276">
			<option label="Option 1" value="option-1">Option 1</option>
			<option label="Option 2" value="option-2">Option 2</option>
			<option label="Option 3" value="option-3">Option 3</option>
		</field>
	</fields>
</form-template>