<form-template>
	<fields>
		<field type="radio-group" label="Radio Group" name="radio-group-1531997848751">
			<option label="Option 1" value="option-1">Option 1</option>
			<option label="Option 2" value="option-2">Option 2</option>
			<option label="Option 3" value="option-3">Option 3</option>
		</field>
		<field type="date" label="Date Field" class="form-control" name="date-1531997848273"></field>
		<field type="select" label="undefined" class="form-control" name="select-1531997849314">
			<option label="Option 1" value="option-1" selected="true">Option 1</option>
			<option label="Option 2" value="option-2">Option 2</option>
			<option label="Option 3" value="option-3">Option 3</option>
		</field>
	</fields>
</form-template>