<form-template>
	<fields>
		<field type="checkbox-group" label="Checkbox Group" name="checkbox-group-1532055136556">
			<option label="Option 1" value="option-1" selected="true">Option 1</option>
		</field>
		<field type="checkbox-group" label="Checkbox Group" name="checkbox-group-1532055136724">
			<option label="Option 1" value="option-1" selected="true">Option 1</option>
		</field>
		<field type="header" subtype="h1" label="Header"></field>
		<field type="radio-group" label="Radio Group" name="radio-group-1532055137644">
			<option label="Option 1" value="option-1">Option 1</option>
			<option label="Option 2" value="option-2">Option 2</option>
			<option label="Option 3" value="option-3">Option 3</option>
		</field>
		<field type="radio-group" label="Radio Group" name="radio-group-1532055137813">
			<option label="Option 1" value="option-1">Option 1</option>
			<option label="Option 2" value="option-2">Option 2</option>
			<option label="Option 3" value="option-3">Option 3</option>
		</field>
		<field type="header" subtype="h1" label="Header"></field>
		<field type="select" label="Select" name="select-1532055138941">
			<option label="Option 1" value="option-1" selected="true">Option 1</option>
			<option label="Option 2" value="option-2">Option 2</option>
			<option label="Option 3" value="option-3">Option 3</option>
		</field>
		<field type="text" label="Text Field" name="text-1532055139533" subtype="text" class="red form-control"></field>
	</fields>
</form-template>