<form-template>
	<fields>
		<field type="header" subtype="h1" label="Header"></field>
		<field type="checkbox-group" label="Checkbox Group" name="checkbox-group-1531965579611">
			<option label="Option 1" value="option-1" selected="true">Option 1</option>
		</field>
		<field type="date" label="Date Field" class="form-control" name="date-1531988297385"></field>
		<field type="autocomplete" required="true" label="Custom Autocomplete" class="form-control" name="autocomplete-1531988299799">
			<option label="SQL" value="">SQL</option>
			<option label="C#" value="">C#</option>
			<option label="JavaScript" value="">JavaScript</option>
			<option label="Java" value="">Java</option>
			<option label="Python" value="">Python</option>
			<option label="C++" value="">C++</option>
			<option label="PHP" value="">PHP</option>
			<option label="Swift" value="">Swift</option>
			<option label="Ruby" value="">Ruby</option>
		</field>
		<field type="radio-group" label="Radio Group" name="radio-group-1531965574346">
			<option label="Option 1" value="option-1">Option 1</option>
			<option label="Option 2" value="option-2">Option 2</option>
			<option label="Option 3" value="option-3">Option 3</option>
		</field>
		<field type="select" label="undefined" name="select-1531965576577">
			<option label="Option 1" value="option-1" selected="true">Option 1</option>
			<option label="Option 2" value="option-2">Option 2</option>
			<option label="Option 3" value="option-3">Option 3</option>
		</field>
	</fields>
</form-template>