<form-template>
	<fields>
		<field type="header" subtype="h1" label="Insert Question Form"></field>
		<field type="checkbox-group" label="CheckboxLabelTest" name="checkbox-group-1532050947105">
			<option label="Option 1" value="option-1" selected="true">Option 1</option>
		</field>
		<field type="select" label="OptionLabelTest" class="form-control" name="select-1532050982524">
			<option label="Option 1" value="option-1" selected="true">Option 1</option>
			<option label="Option 2" value="option-2">Option 2</option>
			<option label="Option 3" value="option-3">Option 3</option>
		</field>
		<field type="radio-group" label="RadioLabelTest" name="radio-group-1532050983180">
			<option label="Option 1" value="option-1">Option 1</option>
			<option label="Option 2" value="option-2">Option 2</option>
			<option label="Option 3" value="option-3">Option 3</option>
		</field>
	</fields>
</form-template>