<form-template>
	<fields>
		<field type="header" subtype="h1" label="GCTS SURVEY"></field>
		<field type="select" label="Option Question" class="form-control" name="select-1532053829608">
			<option label="Option 1" value="option-1" selected="true">Option 1</option>
			<option label="Option 2" value="option-2">Option 2</option>
			<option label="Option 3" value="option-3">Option 3</option>
		</field>
		<field type="radio-group" label="Radio Question" name="radio-group-1532053839000">
			<option label="Option 1" value="option-1">Option 1</option>
			<option label="Option 2" value="option-2">Option 2</option>
			<option label="Option 3" value="option-3">Option 3</option>
		</field>
		<field type="checkbox-group" label="Checkbox Question" name="checkbox-group-1532053842288">
			<option label="Option 1" value="option-1" selected="true">Option 1</option>
		</field>
	</fields>
</form-template>