<form-template>
	<fields>
		<field type="header" subtype="h1" label="Header"></field>
		<field type="checkbox-group" label="Checkbox Group" name="checkbox-group-1532052273845">
			<option label="Option 1" value="option-1" selected="true">Option 1</option>
		</field>
		<field type="date" label="Date Field" class="form-control" name="date-1532052275070"></field>
		<field type="header" subtype="h1" label="Header"></field>
		<field type="date" label="Date Field" class="form-control" name="date-1532052278582"></field>
		<field type="select" label="Select" class="form-control" name="select-1532052276839">
			<option label="Option 1" value="option-1" selected="true">Option 1</option>
			<option label="Option 2" value="option-2">Option 2</option>
			<option label="Option 3" value="option-3">Option 3</option>
		</field>
		<field type="text" label="Text Field" class="form-control" name="text-1532052276030" subtype="text"></field>
	</fields>
</form-template>