<form-template>
	<fields>
		<field type="header" subtype="h1" label="Header"></field>
		<field type="checkbox-group" label="Checkbox Group" name="checkbox-group-1531930756718">
			<option label="Option 1" value="option-1" selected="true">Option 1</option>
		</field>
		<field type="header" subtype="h1" label="Header"></field>
		<field type="header" subtype="h1" label="Header"></field>
		<field type="autocomplete" required="true" label="Custom Autocomplete" class="form-control" name="autocomplete-1531930755970">
			<option label="SQL" value="">SQL</option>
			<option label="C#" value="">C#</option>
			<option label="JavaScript" value="">JavaScript</option>
			<option label="Java" value="">Java</option>
			<option label="Python" value="">Python</option>
			<option label="C++" value="">C++</option>
			<option label="PHP" value="">PHP</option>
			<option label="Swift" value="">Swift</option>
			<option label="Ruby" value="">Ruby</option>
		</field>
		<field type="date" label="Date Field" class="form-control" name="date-1531930757284"></field>
	</fields>
</form-template>