<form-template>
	<fields>
		<field type="header" subtype="h1" label="Header"></field>
		<field type="checkbox-group" label="Checkbox Group" name="checkbox-group-1532055190725">
			<option label="Option 1" value="option-1" selected="true">Option 1</option>
		</field>
		<field type="checkbox-group" label="Checkbox Group" name="checkbox-group-1532055190916">
			<option label="Option 1" value="option-1" selected="true">Option 1</option>
		</field>
		<field type="header" subtype="h1" label="Header"></field>
		<field type="radio-group" label="Radio Group" name="radio-group-1532055192052">
			<option label="Option 1" value="option-1">Option 1</option>
			<option label="Option 2" value="option-2">Option 2</option>
			<option label="Option 3" value="option-3">Option 3</option>
		</field>
		<field type="radio-group" label="Radio Group" name="radio-group-1532055192204">
			<option label="Option 1" value="option-1">Option 1</option>
			<option label="Option 2" value="option-2">Option 2</option>
			<option label="Option 3" value="option-3">Option 3</option>
		</field>
		<field type="header" subtype="h1" label="Header"></field>
		<field type="select" label="Select" name="select-1532055193220">
			<option label="Option 1" value="option-1" selected="true">Option 1</option>
			<option label="Option 2" value="option-2">Option 2</option>
			<option label="Option 3" value="option-3">Option 3</option>
		</field>
		<field type="select" label="Select" name="select-1532055193357">
			<option label="Option 1" value="option-1" selected="true">Option 1</option>
			<option label="Option 2" value="option-2">Option 2</option>
			<option label="Option 3" value="option-3">Option 3</option>
		</field>
		<field type="header" subtype="h1" label="Header"></field>
		<field type="text" label="Text Field" name="text-1532055194556" subtype="text" class="red form-control"></field>
		<field type="text" label="Text Field" name="text-1532055194717" subtype="text" class="red form-control"></field>
	</fields>
</form-template>